{"cameraMode":{"drawMode":0,"name":"Shaded","section":"Shading Mode"},"sceneLighting":false,"audioPlay":false,"sceneViewState":{"showFog":true,"showMaterialUpdate":false,"showSkybox":false,"showFlares":true,"showImageEffects":true,"showParticleSystems":true},"in2DMode":false,"pivot":{"x":-418.7877197265625,"y":797.4822998046875,"z":-1145.303466796875},"rotation":{"x":0.11468008160591126,"y":-0.615371584892273,"z":0.0911174789071083,"w":0.7745081782341003},"size":1274.1446533203125,"orthographic":false}