{"cameraMode":{"drawMode":0,"name":"Shaded","section":"Shading Mode"},"sceneLighting":true,"audioPlay":false,"sceneViewState":{"showFog":true,"showMaterialUpdate":false,"showSkybox":true,"showFlares":true,"showImageEffects":true,"showParticleSystems":true},"in2DMode":false,"pivot":{"x":-387.57080078125,"y":-1077.3896484375,"z":2500.6884765625},"rotation":{"x":-0.17555072903633119,"y":-0.8240380883216858,"z":0.39501139521598818,"w":-0.36621835827827456},"size":6951.96337890625,"orthographic":false}