{"cameraMode":{"drawMode":0,"name":"Shaded","section":"Shading Mode"},"sceneLighting":false,"audioPlay":false,"sceneViewState":{"showFog":true,"showMaterialUpdate":false,"showSkybox":false,"showFlares":true,"showImageEffects":true,"showParticleSystems":true},"in2DMode":false,"pivot":{"x":2.941070556640625,"y":10.585929870605469,"z":-160.72640991210938},"rotation":{"x":0.016588347032666208,"y":0.7224241495132446,"z":-0.017341041937470437,"w":0.6910345554351807},"size":44.48141098022461,"orthographic":false}